,TIME,birga_x,birga_y,rates_x,rates_y,valin_x,valin_y,valout_y,volume_x,volume_y,start,step,back,profit,perc
27,12:09:02,live,live,9549.99999,9500.0,USD,BTC,USD,0.02199473,0.20296233,100.0,0.010452389897630553,99.11928930673812,-0.8807106932618751,-0.8807106932618751
28,12:09:02,live,live,9549.99999,9460.84895,USD,BTC,USD,0.02199473,0.20560005,100.0,0.010452389897630553,98.71080254341048,-1.2891974565895197,-1.2891974565895197
29,12:09:02,live,live,9549.99999,9455.84895,USD,BTC,USD,0.02199473,0.20823916,100.0,0.010452389897630553,98.65863449640693,-1.3413655035930674,-1.3413655035930674
30,12:09:02,live,live,9550.0,9500.0,USD,BTC,USD,0.02615478,0.20296233,100.0,0.010452389886685641,99.1192892029483,-0.8807107970517052,-0.8807107970517052
31,12:09:02,live,live,9550.0,9460.84895,USD,BTC,USD,0.02615478,0.20560005,100.0,0.010452389886685641,98.71080244004837,-1.2891975599516314,-1.2891975599516314
32,12:09:02,live,live,9550.0,9455.84895,USD,BTC,USD,0.02615478,0.20823916,100.0,0.010452389886685641,98.65863439309945,-1.3413656069005526,-1.3413656069005526
33,12:09:02,live,live,9553.37954,9500.0,USD,BTC,USD,0.03185478,0.20296233,100.0,0.01044869231876533,99.08422542251013,-0.91577457748987,-0.9157745774898701
34,12:09:02,live,live,9553.37954,9460.84895,USD,BTC,USD,0.03185478,0.20560005,100.0,0.01044869231876533,98.67588316317033,-1.324116836829674,-1.324116836829674
35,12:09:02,live,live,9553.37954,9455.84895,USD,BTC,USD,0.03185478,0.20823916,100.0,0.01044869231876533,98.6237335708427,-1.3762664291572975,-1.3762664291572975
36,12:09:02,live,live,9465.0,9439.03274747,USDT,BTC,USDT,0.00665231,0.46501462,100.0,0.010546257096444571,99.36760440864262,-0.6323955913573798,-0.6323955913573798
37,12:09:02,live,live,9465.0,9414.20830824,USDT,BTC,USDT,0.00665231,0.46713545,100.0,0.010546257096444571,99.10626989237726,-0.8937301076227442,-0.8937301076227443
38,12:09:02,live,live,9465.0,9358.92412614,USDT,BTC,USDT,0.00665231,0.4839912,100.0,0.010546257096444571,98.52427628308074,-1.475723716919262,-1.475723716919262
39,12:09:02,live,live,9476.86454206,9439.03274747,USDT,BTC,USDT,0.00697187,0.46501462,100.0,0.010533053730464082,99.24320133031695,-0.7567986696830502,-0.7567986696830502
40,12:09:02,live,live,9476.86454206,9414.20830824,USDT,BTC,USDT,0.00697187,0.46713545,100.0,0.010533053730464082,98.98219399128897,-1.0178060087110339,-1.0178060087110339
41,12:09:02,live,live,9476.86454206,9358.92412614,USDT,BTC,USDT,0.00697187,0.4839912,100.0,0.010533053730464082,98.40092900775528,-1.5990709922447195,-1.5990709922447195
42,12:09:02,live,live,9489.82443923,9439.03274747,USDT,BTC,USDT,0.00907713,0.46501462,100.0,0.010518669134193935,99.10766861395335,-0.8923313860466493,-0.8923313860466494
43,12:09:02,live,live,9489.82443923,9414.20830824,USDT,BTC,USDT,0.00907713,0.46713545,100.0,0.010518669134193935,98.84701772285506,-1.1529822771449432,-1.1529822771449432
44,12:09:02,live,live,9489.82443923,9358.92412614,USDT,BTC,USDT,0.00907713,0.4839912,100.0,0.010518669134193935,98.2665465510998,-1.7334534489002067,-1.7334534489002067
171,12:09:02,alfa,alfa,0.0194,0.0191,USD,PZM,USD,1522.00027196,3814.2366555,100.0,5145.377495765354,98.10012993523483,-1.8998700647651674,-1.8998700647651676
172,12:09:02,alfa,alfa,0.0194,0.019,USD,PZM,USD,1522.00027196,30543.9860012,100.0,5145.377495765354,97.58651668950061,-2.4134833104993874,-2.4134833104993874
173,12:09:02,alfa,alfa,0.0194,0.0189,USD,PZM,USD,1522.00027196,30928.33603435,100.0,5145.377495765354,97.07290344376642,-2.927096556233579,-2.927096556233579
174,12:09:02,alfa,live,0.0194,0.02002,USD,PZM,USD,1522.00027196,649.45036995,100.0,5145.377495765354,102.82537179598961,2.8253717959896107,2.8253717959896107
175,12:09:02,alfa,live,0.0194,0.02001,USD,PZM,USD,1522.00027196,1636.45036995,100.0,5145.377495765354,102.77401047141619,2.77401047141619,2.77401047141619
176,12:09:02,alfa,live,0.0194,0.02001,USD,PZM,USD,1522.00027196,1726.74219363,100.0,5145.377495765354,102.77401047141619,2.77401047141619,2.77401047141619
177,12:09:02,alfa,alfa,0.0195,0.0191,USD,PZM,USD,1851.23949019,3814.2366555,100.0,5118.990944505019,97.59705234582337,-2.4029476541766286,-2.4029476541766286
178,12:09:02,alfa,alfa,0.0195,0.019,USD,PZM,USD,1851.23949019,30543.9860012,100.0,5118.990944505019,97.08607301416984,-2.913926985830159,-2.913926985830159
179,12:09:02,alfa,alfa,0.0195,0.0189,USD,PZM,USD,1851.23949019,30928.33603435,100.0,5118.990944505019,96.57509368251634,-3.4249063174836607,-3.4249063174836607
180,12:09:02,alfa,live,0.0195,0.02002,USD,PZM,USD,1851.23949019,649.45036995,100.0,5118.990944505019,102.29806219703582,2.2980621970358186,2.2980621970358186
181,12:09:02,alfa,live,0.0195,0.02001,USD,PZM,USD,1851.23949019,1636.45036995,100.0,5118.990944505019,102.24696426387047,2.246964263870467,2.246964263870467
182,12:09:02,alfa,live,0.0195,0.02001,USD,PZM,USD,1851.23949019,1726.74219363,100.0,5118.990944505019,102.24696426387047,2.246964263870467,2.246964263870467
183,12:09:02,alfa,alfa,0.0195,0.0191,USD,PZM,USD,2449.85625134,3814.2366555,100.0,5118.990944505019,97.59705234582337,-2.4029476541766286,-2.4029476541766286
184,12:09:02,alfa,alfa,0.0195,0.019,USD,PZM,USD,2449.85625134,30543.9860012,100.0,5118.990944505019,97.08607301416984,-2.913926985830159,-2.913926985830159
185,12:09:02,alfa,alfa,0.0195,0.0189,USD,PZM,USD,2449.85625134,30928.33603435,100.0,5118.990944505019,96.57509368251634,-3.4249063174836607,-3.4249063174836607
186,12:09:02,alfa,live,0.0195,0.02002,USD,PZM,USD,2449.85625134,649.45036995,100.0,5118.990944505019,102.29806219703582,2.2980621970358186,2.2980621970358186
187,12:09:02,alfa,live,0.0195,0.02001,USD,PZM,USD,2449.85625134,1636.45036995,100.0,5118.990944505019,102.24696426387047,2.246964263870467,2.246964263870467
188,12:09:02,alfa,live,0.0195,0.02001,USD,PZM,USD,2449.85625134,1726.74219363,100.0,5118.990944505019,102.24696426387047,2.246964263870467,2.246964263870467
189,12:09:02,live,alfa,0.02029,0.0191,USD,PZM,USD,492.69655,3814.2366555,100.0,4919.680799302508,93.79706854329996,-6.202931456700043,-6.202931456700043
190,12:09:02,live,alfa,0.02029,0.019,USD,PZM,USD,492.69655,30543.9860012,100.0,4919.680799302508,93.305984414801,-6.694015585198997,-6.694015585198996
191,12:09:02,live,alfa,0.02029,0.0189,USD,PZM,USD,492.69655,30928.33603435,100.0,4919.680799302508,92.81490028630206,-7.185099713697937,-7.185099713697937
192,12:09:02,live,live,0.02029,0.02002,USD,PZM,USD,492.69655,649.45036995,100.0,4919.680799302508,98.31504252549033,-1.6849574745096731,-1.684957474509673
193,12:09:02,live,live,0.02029,0.02001,USD,PZM,USD,492.69655,1636.45036995,100.0,4919.680799302508,98.26593411264042,-1.7340658873595771,-1.7340658873595771
194,12:09:02,live,live,0.02029,0.02001,USD,PZM,USD,492.69655,1726.74219363,100.0,4919.680799302508,98.26593411264042,-1.7340658873595771,-1.7340658873595771
195,12:09:02,live,alfa,0.0203,0.0191,USD,PZM,USD,2932.41071291,3814.2366555,100.0,4917.257311224033,93.75086309081557,-6.249136909184429,-6.249136909184429
196,12:09:02,live,alfa,0.0203,0.019,USD,PZM,USD,2932.41071291,30543.9860012,100.0,4917.257311224033,93.2600208756804,-6.739979124319603,-6.739979124319603
197,12:09:02,live,alfa,0.0203,0.0189,USD,PZM,USD,2932.41071291,30928.33603435,100.0,4917.257311224033,92.76917866054525,-7.230821339454749,-7.2308213394547485
198,12:09:02,live,live,0.0203,0.02002,USD,PZM,USD,2932.41071291,649.45036995,100.0,4917.257311224033,98.26661147005905,-1.733388529940953,-1.7333885299409533
199,12:09:02,live,live,0.0203,0.02001,USD,PZM,USD,2932.41071291,1636.45036995,100.0,4917.257311224033,98.21752724854554,-1.7824727514544634,-1.7824727514544634
200,12:09:02,live,live,0.0203,0.02001,USD,PZM,USD,2932.41071291,1726.74219363,100.0,4917.257311224033,98.21752724854554,-1.7824727514544634,-1.7824727514544634
201,12:09:02,live,alfa,0.02031,0.0191,USD,PZM,USD,16936.95678311,3814.2366555,100.0,4914.836209642928,93.70470313853058,-6.295296861469424,-6.295296861469424
202,12:09:02,live,alfa,0.02031,0.019,USD,PZM,USD,16936.95678311,30543.9860012,100.0,4914.836209642928,93.21410259853826,-6.785897401461739,-6.78589740146174
203,12:09:02,live,alfa,0.02031,0.0189,USD,PZM,USD,16936.95678311,30928.33603435,100.0,4914.836209642928,92.72350205854596,-7.276497941454039,-7.276497941454039
204,12:09:02,live,live,0.02031,0.02002,USD,PZM,USD,16936.95678311,649.45036995,100.0,4914.836209642928,98.21822810645979,-1.7817718935402098,-1.7817718935402098
205,12:09:02,live,live,0.02031,0.02001,USD,PZM,USD,16936.95678311,1636.45036995,100.0,4914.836209642928,98.16916805246056,-1.830831947539437,-1.830831947539437
206,12:09:02,live,live,0.02031,0.02001,USD,PZM,USD,16936.95678311,1726.74219363,100.0,4914.836209642928,98.16916805246056,-1.830831947539437,-1.830831947539437
207,12:09:02,live,live,0.02227274,0.01923073,USDT,PZM,USDT,514.96900837,109.7859082,100.0,4481.726245529193,86.03200974414615,-13.967990255853849,-13.967990255853849
208,12:09:02,live,live,0.02227274,0.0192,USDT,PZM,USDT,514.96900837,187.44896199,100.0,4481.726245529193,85.89453375340437,-14.105466246595626,-14.105466246595624
209,12:09:02,live,live,0.02227274,0.01905,USDT,PZM,USDT,514.96900837,537.44896199,100.0,4481.726245529193,85.22348270845592,-14.776517291544081,-14.776517291544081
210,12:09:02,live,hot,0.02227274,0.02024665,USDT,PZM,USDT,514.96900837,44.92,100.0,4481.726245529193,90.57690426137317,-9.423095738626827,-9.423095738626827
211,12:09:02,live,hot,0.02227274,0.02004618,USDT,PZM,USDT,514.96900837,97.3,100.0,4481.726245529193,89.68006690816769,-10.319933091832311,-10.319933091832311
212,12:09:02,live,hot,0.02227274,0.01984771,USDT,PZM,USDT,514.96900837,153.77,100.0,4481.726245529193,88.79217690222822,-11.20782309777178,-11.20782309777178
213,12:09:02,live,live,0.02227275,0.01923073,USDT,PZM,USDT,955.48978793,109.7859082,100.0,4481.724233327625,86.03197111756894,-13.968028882431057,-13.968028882431058
214,12:09:02,live,live,0.02227275,0.0192,USDT,PZM,USDT,955.48978793,187.44896199,100.0,4481.724233327625,85.89449518855102,-14.10550481144898,-14.105504811448979
215,12:09:02,live,live,0.02227275,0.01905,USDT,PZM,USDT,955.48978793,537.44896199,100.0,4481.724233327625,85.22344444489048,-14.776555555109525,-14.776555555109525
216,12:09:02,live,hot,0.02227275,0.02024665,USDT,PZM,USDT,955.48978793,44.92,100.0,4481.724233327625,90.57686359423315,-9.423136405766854,-9.423136405766854
217,12:09:02,live,hot,0.02227275,0.02004618,USDT,PZM,USDT,955.48978793,97.3,100.0,4481.724233327625,89.68002664368893,-10.319973356311067,-10.319973356311067
218,12:09:02,live,hot,0.02227275,0.01984771,USDT,PZM,USDT,955.48978793,153.77,100.0,4481.724233327625,88.79213703639354,-11.207862963606459,-11.207862963606459
219,12:09:02,live,live,0.02227294,0.01923073,USDT,PZM,USDT,1278.02118333,109.7859082,100.0,4481.686001841152,86.03123721919215,-13.96876278080785,-13.96876278080785
220,12:09:02,live,live,0.02227294,0.0192,USDT,PZM,USDT,1278.02118333,187.44896199,100.0,4481.686001841152,85.89376246291685,-14.106237537083146,-14.106237537083146
221,12:09:02,live,live,0.02227294,0.01905,USDT,PZM,USDT,1278.02118333,537.44896199,100.0,4481.686001841152,85.22271744367534,-14.777282556324664,-14.777282556324664
222,12:09:02,live,hot,0.02227294,0.02024665,USDT,PZM,USDT,1278.02118333,44.92,100.0,4481.686001841152,90.57609092551124,-9.423909074488762,-9.423909074488762
223,12:09:02,live,hot,0.02227294,0.02004618,USDT,PZM,USDT,1278.02118333,97.3,100.0,4481.686001841152,89.67926162546222,-10.320738374537783,-10.320738374537783
224,12:09:02,live,hot,0.02227294,0.01984771,USDT,PZM,USDT,1278.02118333,153.77,100.0,4481.686001841152,88.79137959233645,-11.208620407663545,-11.208620407663545
279,12:09:02,hot,live,0.0205,0.01923073,USDT,PZM,USDT,1559.6,109.7859082,100.0,4869.284069163311,93.4716382784797,-6.528361721520298,-6.528361721520298
280,12:09:02,hot,live,0.0205,0.0192,USDT,PZM,USDT,1559.6,187.44896199,100.0,4869.284069163311,93.32227403467316,-6.677725965326843,-6.677725965326843
281,12:09:02,hot,live,0.0205,0.01905,USDT,PZM,USDT,1559.6,537.44896199,100.0,4869.284069163311,92.59319376877728,-7.406806231222717,-7.406806231222716
282,12:09:02,hot,hot,0.0205,0.02024665,USDT,PZM,USDT,1559.6,44.92,100.0,4869.284069163311,98.40955310333935,-1.5904468966606515,-1.5904468966606515
283,12:09:02,hot,hot,0.0205,0.02004618,USDT,PZM,USDT,1559.6,97.3,100.0,4869.284069163311,97.43516163064501,-2.5648383693549874,-2.5648383693549874
284,12:09:02,hot,hot,0.0205,0.01984771,USDT,PZM,USDT,1559.6,153.77,100.0,4869.284069163311,96.47049122816266,-3.5295087718373424,-3.529508771837343
285,12:09:02,hot,live,0.02065159,0.01923073,USDT,PZM,USDT,1672.67,109.7859082,100.0,4833.5417959512015,92.7855232797491,-7.2144767202509,-7.214476720250901
286,12:09:02,hot,live,0.02065159,0.0192,USDT,PZM,USDT,1672.67,187.44896199,100.0,4833.5417959512015,92.63725542250256,-7.362744577497438,-7.362744577497438
287,12:09:02,hot,live,0.02065159,0.01905,USDT,PZM,USDT,1672.67,537.44896199,100.0,4833.5417959512015,91.91352686451427,-8.086473135485733,-8.086473135485733
288,12:09:02,hot,hot,0.02065159,0.02024665,USDT,PZM,USDT,1672.67,44.92,100.0,4833.5417959512015,97.68719205729228,-2.312807942707721,-2.312807942707721
289,12:09:02,hot,hot,0.02065159,0.02004618,USDT,PZM,USDT,1672.67,97.3,100.0,4833.5417959512015,96.71995296382616,-3.2800470361738405,-3.280047036173841
290,12:09:02,hot,hot,0.02065159,0.01984771,USDT,PZM,USDT,1672.67,153.77,100.0,4833.5417959512015,95.7623635844666,-4.237636415533402,-4.237636415533402
291,12:09:02,hot,live,0.0208581,0.01923073,USDT,PZM,USDT,1735.74,109.7859082,100.0,4785.68630018304,91.86688071822618,-8.133119281773816,-8.133119281773816
292,12:09:02,hot,live,0.0208581,0.0192,USDT,PZM,USDT,1735.74,187.44896199,100.0,4785.68630018304,91.72008081804188,-8.279919181958121,-8.279919181958121
293,12:09:02,hot,live,0.0208581,0.01905,USDT,PZM,USDT,1735.74,537.44896199,100.0,4785.68630018304,91.00351768665095,-8.996482313349048,-8.996482313349048
294,12:09:02,hot,hot,0.0208581,0.02024665,USDT,PZM,USDT,1735.74,44.92,100.0,4785.68630018304,96.72001949451082,-3.2799805054891777,-3.279980505489178
295,12:09:02,hot,hot,0.0208581,0.02004618,USDT,PZM,USDT,1735.74,97.3,100.0,4785.68630018304,95.76235675484452,-4.237643245155482,-4.237643245155482
296,12:09:02,hot,hot,0.0208581,0.01984771,USDT,PZM,USDT,1735.74,153.77,100.0,4785.68630018304,94.81424819026346,-5.185751809736544,-5.185751809736544
378,12:09:02,live,live,45.20344,44.55886,USD,LTC,USD,0.07336947,3.379391,100.0,2.2082461736949193,98.2201358546692,-1.779864145330805,-1.779864145330805
379,12:09:02,live,live,45.20344,44.5588,USD,LTC,USD,0.07336947,4.7259264,100.0,2.2082461736949193,98.22000359796083,-1.779996402039174,-1.779996402039174
380,12:09:02,live,live,45.20344,44.55,USD,LTC,USD,0.07336947,5.7189264,100.0,2.2082461736949193,98.20060594740332,-1.799394052596682,-1.7993940525966823
381,12:09:02,live,live,45.21,44.55886,USD,LTC,USD,0.17936947,3.379391,100.0,2.2079257557586347,98.20588404995328,-1.7941159500467165,-1.7941159500467165
382,12:09:02,live,live,45.21,44.5588,USD,LTC,USD,0.17936947,4.7259264,100.0,2.2079257557586347,98.20575181243545,-1.7942481875645484,-1.7942481875645484
383,12:09:02,live,live,45.21,44.55,USD,LTC,USD,0.17936947,5.7189264,100.0,2.2079257557586347,98.18635697648948,-1.8136430235105223,-1.8136430235105223
384,12:09:02,live,live,45.53,44.55886,USD,LTC,USD,1.67936947,3.379391,100.0,2.192407718380142,97.51566039750466,-2.4843396024953392,-2.4843396024953392
385,12:09:02,live,live,45.53,44.5588,USD,LTC,USD,1.67936947,4.7259264,100.0,2.192407718380142,97.51552908939614,-2.4844709106038607,-2.4844709106038607
386,12:09:02,live,live,45.53,44.55,USD,LTC,USD,1.67936947,5.7189264,100.0,2.192407718380142,97.49627056681503,-2.503729433184972,-2.503729433184972
396,12:09:02,live,live,209.4,208.42002,USD,ETH,USD,0.22,0.04961,100.0,0.47669686445963644,99.17465564445469,-0.8253443555453117,-0.8253443555453117
397,12:09:02,live,live,209.4,208.42,USD,ETH,USD,0.22,0.05064457,100.0,0.47669686445963644,99.17464612764765,-0.8253538723523519,-0.8253538723523518
398,12:09:02,live,live,209.4,208.32,USD,ETH,USD,0.22,0.12423662,100.0,0.47669686445963644,99.12706209246502,-0.8729379075349755,-0.8729379075349755
399,12:09:02,live,live,209.49999,208.42002,USD,ETH,USD,3.16693023,0.04961,100.0,0.47646934693337156,99.1273216382913,-0.8726783617086937,-0.8726783617086937
400,12:09:02,live,live,209.49999,208.42,USD,ETH,USD,3.16693023,0.05064457,100.0,0.47646934693337156,99.12731212602645,-0.8726878739735469,-0.8726878739735467
401,12:09:02,live,live,209.49999,208.32,USD,ETH,USD,3.16693023,0.12423662,100.0,0.47646934693337156,99.07975080171687,-0.9202491982831305,-0.9202491982831305
402,12:09:02,live,live,210.1,208.42002,USD,ETH,USD,3.71193023,0.04961,100.0,0.4751086312129837,98.84423080413524,-1.1557691958647638,-1.1557691958647638
403,12:09:02,live,live,210.1,208.42,USD,ETH,USD,3.71193023,0.05064457,100.0,0.4751086312129837,98.8442213190358,-1.1557786809642039,-1.1557786809642039
404,12:09:02,live,live,210.1,208.32,USD,ETH,USD,3.71193023,0.12423662,100.0,0.4751086312129837,98.7967958218095,-1.2032041781905036,-1.2032041781905036
405,12:09:02,live,live,216.39999998,200.0,USDT,ETH,USDT,0.02938973,0.09983,100.0,0.4612769104763097,92.08962077786178,-7.910379222138218,-7.910379222138218
406,12:09:02,live,live,216.39999998,200.0,USDT,ETH,USDT,0.02938973,0.44904633,100.0,0.4612769104763097,92.08962077786178,-7.910379222138218,-7.910379222138218
407,12:09:02,live,live,216.39999998,197.00000001,USDT,ETH,USDT,0.02938973,0.49971654,100.0,0.4612769104763097,90.70827647079834,-9.291723529201661,-9.291723529201661
408,12:09:02,live,live,216.39999999,200.0,USDT,ETH,USDT,0.03718973,0.09983,100.0,0.4612769104549937,92.08962077360624,-7.910379226393758,-7.910379226393757
409,12:09:02,live,live,216.39999999,200.0,USDT,ETH,USDT,0.03718973,0.44904633,100.0,0.4612769104549937,92.08962077360624,-7.910379226393758,-7.910379226393757
410,12:09:02,live,live,216.39999999,197.00000001,USDT,ETH,USDT,0.03718973,0.49971654,100.0,0.4612769104549937,90.70827646660663,-9.291723533393366,-9.291723533393366
411,12:09:02,live,live,216.989995,200.0,USDT,ETH,USDT,0.04568115,0.09983,100.0,0.4600227002072048,91.83922942846972,-8.160770571530279,-8.160770571530279
412,12:09:02,live,live,216.989995,200.0,USDT,ETH,USDT,0.04568115,0.44904633,100.0,0.4600227002072048,91.83922942846972,-8.160770571530279,-8.160770571530279
413,12:09:02,live,live,216.989995,197.00000001,USDT,ETH,USDT,0.04568115,0.49971654,100.0,0.4600227002072048,90.46164099163462,-9.538359008365376,-9.538359008365376
423,12:09:02,live,live,0.20297,0.20025,USD,XRP,USD,23.08024676,29.96254681,100.0,491.7984106904856,98.30568151404447,-1.6943184859555345,-1.6943184859555345
424,12:09:02,live,live,0.20297,0.2,USD,XRP,USD,23.08024676,623.17476481,100.0,491.7984106904856,98.1829528230157,-1.8170471769843033,-1.8170471769843033
425,12:09:02,live,live,0.20297,0.19901,USD,XRP,USD,23.08024676,723.17476481,100.0,491.7984106904856,97.69694720654175,-2.3030527934582494,-2.3030527934582494
426,12:09:02,live,live,0.203,0.20025,USD,XRP,USD,46.16049352,29.96254681,100.0,491.72573112240326,98.29115358081579,-1.708846419184212,-1.7088464191842119
427,12:09:02,live,live,0.203,0.2,USD,XRP,USD,46.16049352,623.17476481,100.0,491.72573112240326,98.168443027032,-1.8315569729680021,-1.8315569729680021
428,12:09:02,live,live,0.203,0.19901,USD,XRP,USD,46.16049352,723.17476481,100.0,491.72573112240326,97.68250923404818,-2.317490765951817,-2.317490765951817
429,12:09:02,live,live,0.204,0.20025,USD,XRP,USD,51.16049352,29.96254681,100.0,489.3153108718033,97.80933420051768,-2.1906657994823178,-2.1906657994823178
430,12:09:02,live,live,0.204,0.2,USD,XRP,USD,51.16049352,623.17476481,100.0,489.3153108718033,97.68722516905638,-2.3127748309436242,-2.3127748309436242
431,12:09:02,live,live,0.204,0.19901,USD,XRP,USD,51.16049352,723.17476481,100.0,489.3153108718033,97.20367340446953,-2.7963265955304735,-2.7963265955304735
441,12:09:02,live,live,1.01091,1.00026,USD,USDT,USD,5.0,8.69229979,100.0,98.74303688542786,98.59124583251953,-1.408754167480467,-1.408754167480467
442,12:09:02,live,live,1.01091,1.00026,USD,USDT,USD,5.0,9.69024355,100.0,98.74303688542786,98.59124583251953,-1.408754167480467,-1.408754167480467
443,12:09:02,live,live,1.01091,1.00025,USD,USDT,USD,5.0,97.7999661,100.0,98.74303688542786,98.59026017633182,-1.4097398236681755,-1.4097398236681755
444,12:09:02,live,live,1.01092,1.00026,USD,USDT,USD,24.99554169,8.69229979,100.0,98.74206012132301,98.59027056992868,-1.409729430071323,-1.409729430071323
445,12:09:02,live,live,1.01092,1.00026,USD,USDT,USD,24.99554169,9.69024355,100.0,98.74206012132301,98.59027056992868,-1.409729430071323,-1.409729430071323
446,12:09:02,live,live,1.01092,1.00025,USD,USDT,USD,24.99554169,97.7999661,100.0,98.74206012132301,98.58928492349106,-1.4107150765089358,-1.4107150765089358
447,12:09:02,live,live,1.01092,1.00026,USD,USDT,USD,44.99554169,8.69229979,100.0,98.74206012132301,98.59027056992868,-1.409729430071323,-1.409729430071323
448,12:09:02,live,live,1.01092,1.00026,USD,USDT,USD,44.99554169,9.69024355,100.0,98.74206012132301,98.59027056992868,-1.409729430071323,-1.409729430071323
449,12:09:02,live,live,1.01092,1.00025,USD,USDT,USD,44.99554169,97.7999661,100.0,98.74206012132301,98.58928492349106,-1.4107150765089358,-1.4107150765089358
522,12:09:02,live,live,9549.99999,9439.03274747,USD,BTC,USDT,0.02199473,0.46501462,100.0,0.010452389897630553,98.48318080760569,-1.5168191923943084,-1.5168191923943084
523,12:09:02,live,live,9549.99999,9414.20830824,USD,BTC,USDT,0.02199473,0.46713545,100.0,0.010452389897630553,98.22417230508823,-1.7758276949117686,-1.7758276949117686
524,12:09:02,live,live,9549.99999,9358.92412614,USD,BTC,USDT,0.02199473,0.4839912,100.0,0.010452389897630553,97.64735874301915,-2.3526412569808457,-2.3526412569808457
525,12:09:02,live,live,9550.0,9439.03274747,USD,BTC,USDT,0.02615478,0.46501462,100.0,0.010452389886685641,98.48318070448194,-1.5168192955180615,-1.5168192955180615
526,12:09:02,live,live,9550.0,9414.20830824,USD,BTC,USDT,0.02615478,0.46713545,100.0,0.010452389886685641,98.22417220223569,-1.7758277977643075,-1.7758277977643078
527,12:09:02,live,live,9550.0,9358.92412614,USD,BTC,USDT,0.02615478,0.4839912,100.0,0.010452389886685641,97.6473586407706,-2.352641359229395,-2.352641359229395
528,12:09:02,live,live,9553.37954,9439.03274747,USD,BTC,USDT,0.03185478,0.46501462,100.0,0.01044869231876533,98.448341949555,-1.551658050444999,-1.551658050444999
529,12:09:02,live,live,9553.37954,9414.20830824,USD,BTC,USDT,0.03185478,0.46713545,100.0,0.01044869231876533,98.18942507243366,-1.8105749275663356,-1.8105749275663356
530,12:09:02,live,live,9553.37954,9358.92412614,USD,BTC,USDT,0.03185478,0.4839912,100.0,0.01044869231876533,97.6128155606973,-2.3871844393027004,-2.3871844393027004
531,12:09:02,alfa,live,0.0194,0.01923073,USD,PZM,USDT,1522.00027196,109.7859082,100.0,5145.377495765354,98.77157653138318,-1.2284234686168247,-1.2284234686168247
532,12:09:02,alfa,live,0.0194,0.0192,USD,PZM,USDT,1522.00027196,187.44896199,100.0,5145.377495765354,98.61374318096905,-1.3862568190309474,-1.3862568190309474
533,12:09:02,alfa,live,0.0194,0.01905,USD,PZM,USDT,1522.00027196,537.44896199,100.0,5145.377495765354,97.84332331236774,-2.156676687632256,-2.156676687632256
534,12:09:02,alfa,hot,0.0194,0.02024665,USD,PZM,USDT,1522.00027196,44.92,100.0,5145.377495765354,103.98947621744621,3.98947621744621,3.9894762174462106
535,12:09:02,alfa,hot,0.0194,0.02004618,USD,PZM,USDT,1522.00027196,97.3,100.0,5145.377495765354,102.95983574372282,2.95983574372282,2.95983574372282
536,12:09:02,alfa,hot,0.0194,0.01984771,USD,PZM,USDT,1522.00027196,153.77,100.0,5145.377495765354,101.94046753491415,1.9404675349141485,1.9404675349141487
537,12:09:02,alfa,live,0.0195,0.01923073,USD,PZM,USDT,1851.23949019,109.7859082,100.0,5118.990944505019,98.26505562609404,-1.734944373905961,-1.7349443739059607
538,12:09:02,alfa,live,0.0195,0.0192,USD,PZM,USDT,1851.23949019,187.44896199,100.0,5118.990944505019,98.1080316774769,-1.8919683225230983,-1.8919683225230983
539,12:09:02,alfa,live,0.0195,0.01905,USD,PZM,USDT,1851.23949019,537.44896199,100.0,5118.990944505019,97.34156267999663,-2.6584373200033724,-2.6584373200033724
540,12:09:02,alfa,hot,0.0195,0.02024665,USD,PZM,USDT,1851.23949019,44.92,100.0,5118.990944505019,103.45619685222853,3.45619685222853,3.45619685222853
541,12:09:02,alfa,hot,0.0195,0.02004618,USD,PZM,USDT,1851.23949019,97.3,100.0,5118.990944505019,102.4318365860627,2.431836586062701,2.431836586062701
542,12:09:02,alfa,hot,0.0195,0.01984771,USD,PZM,USDT,1851.23949019,153.77,100.0,5118.990944505019,101.41769590652997,1.4176959065299712,1.4176959065299712
543,12:09:02,alfa,live,0.0195,0.01923073,USD,PZM,USDT,2449.85625134,109.7859082,100.0,5118.990944505019,98.26505562609404,-1.734944373905961,-1.7349443739059607
544,12:09:02,alfa,live,0.0195,0.0192,USD,PZM,USDT,2449.85625134,187.44896199,100.0,5118.990944505019,98.1080316774769,-1.8919683225230983,-1.8919683225230983
545,12:09:02,alfa,live,0.0195,0.01905,USD,PZM,USDT,2449.85625134,537.44896199,100.0,5118.990944505019,97.34156267999663,-2.6584373200033724,-2.6584373200033724
546,12:09:02,alfa,hot,0.0195,0.02024665,USD,PZM,USDT,2449.85625134,44.92,100.0,5118.990944505019,103.45619685222853,3.45619685222853,3.45619685222853
547,12:09:02,alfa,hot,0.0195,0.02004618,USD,PZM,USDT,2449.85625134,97.3,100.0,5118.990944505019,102.4318365860627,2.431836586062701,2.431836586062701
548,12:09:02,alfa,hot,0.0195,0.01984771,USD,PZM,USDT,2449.85625134,153.77,100.0,5118.990944505019,101.41769590652997,1.4176959065299712,1.4176959065299712
549,12:09:02,live,live,0.02029,0.01923073,USD,PZM,USDT,492.69655,109.7859082,100.0,4919.680799302508,94.43906282448664,-5.560937175513359,-5.560937175513359
550,12:09:02,live,live,0.02029,0.0192,USD,PZM,USDT,492.69655,187.44896199,100.0,4919.680799302508,94.28815267179891,-5.711847328201088,-5.711847328201088
551,12:09:02,live,live,0.02029,0.01905,USD,PZM,USDT,492.69655,537.44896199,100.0,4919.680799302508,93.5515264790505,-6.448473520949506,-6.4484735209495065
552,12:09:02,live,hot,0.02029,0.02024665,USD,PZM,USDT,492.69655,44.92,100.0,4919.680799302508,99.4280847027332,-0.5719152972667985,-0.5719152972667985
553,12:09:02,live,hot,0.02029,0.02004618,USD,PZM,USDT,492.69655,97.3,100.0,4919.680799302508,98.44360835033135,-1.5563916496686545,-1.5563916496686545
554,12:09:02,live,hot,0.02029,0.01984771,USD,PZM,USDT,492.69655,153.77,100.0,4919.680799302508,97.46895368049948,-2.5310463195005184,-2.5310463195005184
555,12:09:02,live,live,0.0203,0.01923073,USD,PZM,USDT,2932.41071291,109.7859082,100.0,4917.257311224033,94.39254111866177,-5.607458881338232,-5.607458881338232
556,12:09:02,live,live,0.0203,0.0192,USD,PZM,USDT,2932.41071291,187.44896199,100.0,4917.257311224033,94.24170530595073,-5.758294694049269,-5.758294694049269
557,12:09:02,live,live,0.0203,0.01905,USD,PZM,USDT,2932.41071291,537.44896199,100.0,4917.257311224033,93.505441983248,-6.494558016751995,-6.494558016751995
558,12:09:02,live,hot,0.0203,0.02024665,USD,PZM,USDT,2932.41071291,44.92,100.0,4917.257311224033,99.37910535066288,-0.6208946493371172,-0.6208946493371172
559,12:09:02,live,hot,0.0203,0.02004618,USD,PZM,USDT,2932.41071291,97.3,100.0,4917.257311224033,98.39511396198142,-1.6048860380185772,-1.6048860380185774
560,12:09:02,live,hot,0.0203,0.01984771,USD,PZM,USDT,2932.41071291,153.77,100.0,4917.257311224033,97.42093941760268,-2.579060582397318,-2.579060582397318
561,12:09:02,live,live,0.02031,0.01923073,USD,PZM,USDT,16936.95678311,109.7859082,100.0,4914.836209642928,94.34606522446252,-5.653934775537479,-5.653934775537479
562,12:09:02,live,live,0.02031,0.0192,USD,PZM,USDT,16936.95678311,187.44896199,100.0,4914.836209642928,94.19530367852288,-5.804696321477124,-5.804696321477124
563,12:09:02,live,live,0.02031,0.01905,USD,PZM,USDT,16936.95678311,537.44896199,100.0,4914.836209642928,93.45940286853443,-6.540597131465574,-6.5405971314655735
564,12:09:02,live,hot,0.02031,0.02024665,USD,PZM,USDT,16936.95678311,44.92,100.0,4914.836209642928,99.33017423035237,-0.6698257696476304,-0.6698257696476304
565,12:09:02,live,hot,0.02031,0.02004618,USD,PZM,USDT,16936.95678311,97.3,100.0,4914.836209642928,98.34666732782978,-1.6533326721702224,-1.6533326721702224
566,12:09:02,live,hot,0.02031,0.01984771,USD,PZM,USDT,16936.95678311,153.77,100.0,4914.836209642928,97.37297243610706,-2.6270275638929377,-2.6270275638929377
567,12:09:02,live,live,209.4,200.0,USD,ETH,USDT,0.22,0.09983,100.0,0.47669686445963644,95.1680703652698,-4.831929634730201,-4.831929634730201
568,12:09:02,live,live,209.4,200.0,USD,ETH,USDT,0.22,0.44904633,100.0,0.47669686445963644,95.1680703652698,-4.831929634730201,-4.831929634730201
569,12:09:02,live,live,209.4,197.00000001,USD,ETH,USDT,0.22,0.49971654,100.0,0.47669686445963644,93.74054931454916,-6.259450685450844,-6.259450685450845
570,12:09:02,live,live,209.49999,200.0,USD,ETH,USDT,3.16693023,0.09983,100.0,0.47646934693337156,95.12264861915982,-4.877351380840182,-4.877351380840182
571,12:09:02,live,live,209.49999,200.0,USD,ETH,USDT,3.16693023,0.44904633,100.0,0.47646934693337156,95.12264861915982,-4.877351380840182,-4.877351380840182
572,12:09:02,live,live,209.49999,197.00000001,USD,ETH,USDT,3.16693023,0.49971654,100.0,0.47646934693337156,93.69580889462856,-6.304191105371444,-6.304191105371444
573,12:09:02,live,live,210.1,200.0,USD,ETH,USDT,3.71193023,0.09983,100.0,0.4751086312129837,94.85099445258209,-5.149005547417914,-5.149005547417914
574,12:09:02,live,live,210.1,200.0,USD,ETH,USDT,3.71193023,0.44904633,100.0,0.4751086312129837,94.85099445258209,-5.149005547417914,-5.149005547417914
575,12:09:02,live,live,210.1,197.00000001,USD,ETH,USDT,3.71193023,0.49971654,100.0,0.4751086312129837,93.42822954053591,-6.571770459464091,-6.571770459464091
576,12:09:02,live,live,9465.0,9500.0,USDT,BTC,USD,0.00665231,0.20296233,100.0,0.010546257096444571,100.00942545041269,0.009425450412692271,0.009425450412692271
577,12:09:02,live,live,9465.0,9460.84895,USDT,BTC,USD,0.00665231,0.20560005,100.0,0.010546257096444571,99.59727029080422,-0.402729709195782,-0.402729709195782
578,12:09:02,live,live,9465.0,9455.84895,USDT,BTC,USD,0.00665231,0.20823916,100.0,0.010546257096444571,99.54463375109347,-0.4553662489065289,-0.45536624890652894
579,12:09:02,live,live,9476.86454206,9500.0,USDT,BTC,USD,0.00697187,0.20296233,100.0,0.010533053730464082,99.88421884548691,-0.1157811545130869,-0.11578115451308689
580,12:09:02,live,live,9476.86454206,9460.84895,USDT,BTC,USD,0.00697187,0.20560005,100.0,0.010533053730464082,99.47257968272578,-0.5274203172742205,-0.5274203172742205
581,12:09:02,live,live,9476.86454206,9455.84895,USDT,BTC,USD,0.00697187,0.20823916,100.0,0.010533053730464082,99.42000904122816,-0.5799909587718446,-0.5799909587718446
582,12:09:02,live,live,9489.82443923,9500.0,USDT,BTC,USD,0.00907713,0.20296233,100.0,0.010518669134193935,99.7478107155544,-0.2521892844456062,-0.2521892844456062
583,12:09:02,live,live,9489.82443923,9460.84895,USDT,BTC,USD,0.00907713,0.20560005,100.0,0.010518669134193935,99.33673371295278,-0.6632662870472217,-0.6632662870472217
584,12:09:02,live,live,9489.82443923,9455.84895,USDT,BTC,USD,0.00907713,0.20823916,100.0,0.010518669134193935,99.28423486520775,-0.7157651347922496,-0.7157651347922496
585,12:09:02,live,alfa,0.02227274,0.0191,USDT,PZM,USD,514.96900837,3814.2366555,100.0,4481.726245529193,85.4471663901054,-14.552833609894606,-14.552833609894606
586,12:09:02,live,alfa,0.02227274,0.019,USDT,PZM,USD,514.96900837,30543.9860012,100.0,4481.726245529193,84.9997990268064,-15.0002009731936,-15.0002009731936
587,12:09:02,live,alfa,0.02227274,0.0189,USDT,PZM,USD,514.96900837,30928.33603435,100.0,4481.726245529193,84.55243166350743,-15.447568336492566,-15.447568336492564
588,12:09:02,live,live,0.02227274,0.02002,USDT,PZM,USD,514.96900837,649.45036995,100.0,4481.726245529193,89.56294613245602,-10.43705386754398,-10.43705386754398
589,12:09:02,live,live,0.02227274,0.02001,USDT,PZM,USD,514.96900837,1636.45036995,100.0,4481.726245529193,89.51820939612612,-10.481790603873876,-10.481790603873876
590,12:09:02,live,live,0.02227274,0.02001,USDT,PZM,USD,514.96900837,1726.74219363,100.0,4481.726245529193,89.51820939612612,-10.481790603873876,-10.481790603873876
591,12:09:02,live,alfa,0.02227275,0.0191,USDT,PZM,USD,955.48978793,3814.2366555,100.0,4481.724233327625,85.44712802611065,-14.552871973889353,-14.552871973889353
592,12:09:02,live,alfa,0.02227275,0.019,USDT,PZM,USD,955.48978793,30543.9860012,100.0,4481.724233327625,84.99976086367026,-15.00023913632974,-15.000239136329741
593,12:09:02,live,alfa,0.02227275,0.0189,USDT,PZM,USD,955.48978793,30928.33603435,100.0,4481.724233327625,84.55239370122992,-15.447606298770083,-15.447606298770083
594,12:09:02,live,live,0.02227275,0.02002,USDT,PZM,USD,955.48978793,649.45036995,100.0,4481.724233327625,89.56290592056205,-10.437094079437955,-10.437094079437955
595,12:09:02,live,live,0.02227275,0.02001,USDT,PZM,USD,955.48978793,1636.45036995,100.0,4481.724233327625,89.51816920431801,-10.481830795681987,-10.481830795681987
596,12:09:02,live,live,0.02227275,0.02001,USDT,PZM,USD,955.48978793,1726.74219363,100.0,4481.724233327625,89.51816920431801,-10.481830795681987,-10.481830795681987
597,12:09:02,live,alfa,0.02227294,0.0191,USDT,PZM,USD,1278.02118333,3814.2366555,100.0,4481.686001841152,85.44639911675583,-14.553600883244172,-14.553600883244172
598,12:09:02,live,alfa,0.02227294,0.019,USDT,PZM,USD,1278.02118333,30543.9860012,100.0,4481.686001841152,84.9990357705948,-15.000964229405199,-15.000964229405197
599,12:09:02,live,alfa,0.02227294,0.0189,USDT,PZM,USD,1278.02118333,30928.33603435,100.0,4481.686001841152,84.55167242443379,-15.44832757556621,-15.448327575566212
600,12:09:02,live,live,0.02227294,0.02002,USDT,PZM,USD,1278.02118333,649.45036995,100.0,4481.686001841152,89.56214190143727,-10.437858098562728,-10.437858098562728
601,12:09:02,live,live,0.02227294,0.02001,USDT,PZM,USD,1278.02118333,1636.45036995,100.0,4481.686001841152,89.51740556682117,-10.482594433178832,-10.482594433178832
602,12:09:02,live,live,0.02227294,0.02001,USDT,PZM,USD,1278.02118333,1726.74219363,100.0,4481.686001841152,89.51740556682117,-10.482594433178832,-10.482594433178832
603,12:09:02,hot,alfa,0.0205,0.0191,USDT,PZM,USD,1559.6,3814.2366555,100.0,4869.284069163311,92.8362205240759,-7.163779475924102,-7.163779475924102
604,12:09:02,hot,alfa,0.0205,0.019,USDT,PZM,USD,1559.6,30543.9860012,100.0,4869.284069163311,92.35016701347864,-7.649832986521361,-7.64983298652136
605,12:09:02,hot,alfa,0.0205,0.0189,USDT,PZM,USD,1559.6,30928.33603435,100.0,4869.284069163311,91.8641135028814,-8.135886497118605,-8.135886497118605
606,12:09:02,hot,live,0.0205,0.02002,USDT,PZM,USD,1559.6,649.45036995,100.0,4869.284069163311,97.30791282157065,-2.6920871784293467,-2.6920871784293467
607,12:09:02,hot,live,0.0205,0.02001,USDT,PZM,USD,1559.6,1636.45036995,100.0,4869.284069163311,97.25930747051093,-2.740692529489067,-2.740692529489067
608,12:09:02,hot,live,0.0205,0.02001,USDT,PZM,USD,1559.6,1726.74219363,100.0,4869.284069163311,97.25930747051093,-2.740692529489067,-2.740692529489067
609,12:09:02,hot,alfa,0.02065159,0.0191,USDT,PZM,USD,1672.67,3814.2366555,100.0,4833.5417959512015,92.15476971717702,-7.845230282822982,-7.845230282822982
610,12:09:02,hot,alfa,0.02065159,0.019,USDT,PZM,USD,1672.67,30543.9860012,100.0,4833.5417959512015,91.67228401185149,-8.327715988148512,-8.327715988148512
611,12:09:02,hot,alfa,0.02065159,0.0189,USDT,PZM,USD,1672.67,30928.33603435,100.0,4833.5417959512015,91.18979830652597,-8.810201693474028,-8.810201693474028
612,12:09:02,hot,live,0.02065159,0.02002,USDT,PZM,USD,1672.67,649.45036995,100.0,4833.5417959512015,96.59363820617195,-3.4063617938280544,-3.406361793828054
613,12:09:02,hot,live,0.02065159,0.02001,USDT,PZM,USD,1672.67,1636.45036995,100.0,4833.5417959512015,96.5453896356394,-3.4546103643606045,-3.4546103643606045
614,12:09:02,hot,live,0.02065159,0.02001,USDT,PZM,USD,1672.67,1726.74219363,100.0,4833.5417959512015,96.5453896356394,-3.4546103643606045,-3.4546103643606045
615,12:09:02,hot,alfa,0.0208581,0.0191,USDT,PZM,USD,1735.74,3814.2366555,100.0,4785.68630018304,91.24237206378125,-8.757627936218753,-8.757627936218753
616,12:09:02,hot,alfa,0.0208581,0.019,USDT,PZM,USD,1735.74,30543.9860012,100.0,4785.68630018304,90.76466330952061,-9.235336690479386,-9.235336690479386
617,12:09:02,hot,alfa,0.0208581,0.0189,USDT,PZM,USD,1735.74,30928.33603435,100.0,4785.68630018304,90.28695455525998,-9.713045444740018,-9.713045444740018
618,12:09:02,hot,live,0.0208581,0.02002,USDT,PZM,USD,1735.74,649.45036995,100.0,4785.68630018304,95.63729260297909,-4.3627073970209125,-4.3627073970209125
619,12:09:02,hot,live,0.0208581,0.02001,USDT,PZM,USD,1735.74,1636.45036995,100.0,4785.68630018304,95.58952172755303,-4.410478272446966,-4.410478272446966
620,12:09:02,hot,live,0.0208581,0.02001,USDT,PZM,USD,1735.74,1726.74219363,100.0,4785.68630018304,95.58952172755303,-4.410478272446966,-4.410478272446966
621,12:09:02,live,live,216.39999998,208.42002,USDT,ETH,USD,0.02938973,0.04961,100.0,0.4612769104763097,95.96660302157184,-4.033396978428158,-4.033396978428158
622,12:09:02,live,live,216.39999998,208.42,USDT,ETH,USD,0.02938973,0.05064457,100.0,0.4612769104763097,95.96659381260976,-4.033406187390241,-4.033406187390241
623,12:09:02,live,live,216.39999998,208.32,USDT,ETH,USD,0.02938973,0.12423662,100.0,0.4612769104763097,95.92054900222084,-4.079450997779162,-4.079450997779162
624,12:09:02,live,live,216.39999999,208.42002,USDT,ETH,USD,0.03718973,0.04961,100.0,0.4612769104549937,95.96660301713713,-4.033396982862868,-4.033396982862868
625,12:09:02,live,live,216.39999999,208.42,USDT,ETH,USD,0.03718973,0.05064457,100.0,0.4612769104549937,95.96659380817506,-4.0334061918249375,-4.0334061918249375
626,12:09:02,live,live,216.39999999,208.32,USDT,ETH,USD,0.03718973,0.12423662,100.0,0.4612769104549937,95.92054899778826,-4.079451002211741,-4.079451002211741
627,12:09:02,live,live,216.989995,208.42002,USDT,ETH,USD,0.04568115,0.04961,100.0,0.4600227002072048,95.70567017133122,-4.294329828668779,-4.294329828668779
628,12:09:02,live,live,216.989995,208.42,USDT,ETH,USD,0.04568115,0.05064457,100.0,0.4600227002072048,95.70566098740828,-4.2943390125917205,-4.2943390125917205
629,12:09:02,live,live,216.989995,208.32,USDT,ETH,USD,0.04568115,0.12423662,100.0,0.4600227002072048,95.65974137269406,-4.340258627305943,-4.340258627305943
300,12:09:02,alfa,live,0.0191,0.02029,PZM,USD,PZM,3814.2366555,492.69655,100.0,1.906187624750499,93.77834657353083,-6.2216534264691745,-6.2216534264691745
301,12:09:02,alfa,live,0.0191,0.0203,PZM,USD,PZM,3814.2366555,2932.41071291,100.0,1.906187624750499,93.73215034369164,-6.267849656308357,-6.267849656308357
302,12:09:02,alfa,live,0.0191,0.02031,PZM,USD,PZM,3814.2366555,16936.95678311,100.0,1.906187624750499,93.68599960496998,-6.314000395030021,-6.314000395030021
306,12:09:02,alfa,live,0.019,0.02029,PZM,USD,PZM,30543.9860012,492.69655,100.0,1.896207584830339,93.287360465816,-6.712639534184007,-6.712639534184007
307,12:09:02,alfa,live,0.019,0.0203,PZM,USD,PZM,30543.9860012,2932.41071291,100.0,1.896207584830339,93.24140610105451,-6.758593898945492,-6.758593898945492
308,12:09:02,alfa,live,0.019,0.02031,PZM,USD,PZM,30543.9860012,16936.95678311,100.0,1.896207584830339,93.19549698923714,-6.804503010762858,-6.804503010762858
312,12:09:02,alfa,live,0.0189,0.02029,PZM,USD,PZM,30928.33603435,492.69655,100.0,1.8862275449101795,92.79637435810118,-7.2036256418988245,-7.203625641898824
313,12:09:02,alfa,live,0.0189,0.0203,PZM,USD,PZM,30928.33603435,2932.41071291,100.0,1.8862275449101795,92.75066185841739,-7.249338141582612,-7.249338141582612
314,12:09:02,alfa,live,0.0189,0.02031,PZM,USD,PZM,30928.33603435,16936.95678311,100.0,1.8862275449101795,92.70499437350433,-7.295005626495666,-7.295005626495666
360,12:09:02,live,alfa,0.02002,0.0194,PZM,USD,PZM,649.45036995,1522.00027196,100.0,1.998003992015968,102.80484776968302,2.804847769683022,2.804847769683022
361,12:09:02,live,alfa,0.02002,0.0195,PZM,USD,PZM,649.45036995,1851.23949019,100.0,1.998003992015968,102.27764342214618,2.277643422146184,2.277643422146184
362,12:09:02,live,alfa,0.02002,0.0195,PZM,USD,PZM,649.45036995,2449.85625134,100.0,1.998003992015968,102.27764342214618,2.277643422146184,2.277643422146184
366,12:09:02,live,alfa,0.02001,0.0194,PZM,USD,PZM,1636.45036995,1522.00027196,100.0,1.9970059880239521,102.753496696871,2.7534966968709966,2.7534966968709966
367,12:09:02,live,alfa,0.02001,0.0195,PZM,USD,PZM,1636.45036995,1851.23949019,100.0,1.9970059880239521,102.2265556881691,2.2265556881690998,2.2265556881690998
368,12:09:02,live,alfa,0.02001,0.0195,PZM,USD,PZM,1636.45036995,2449.85625134,100.0,1.9970059880239521,102.2265556881691,2.2265556881690998,2.2265556881690998
372,12:09:02,live,alfa,0.02001,0.0194,PZM,USD,PZM,1726.74219363,1522.00027196,100.0,1.9970059880239521,102.753496696871,2.7534966968709966,2.7534966968709966
373,12:09:02,live,alfa,0.02001,0.0195,PZM,USD,PZM,1726.74219363,1851.23949019,100.0,1.9970059880239521,102.2265556881691,2.2265556881690998,2.2265556881690998
374,12:09:02,live,alfa,0.02001,0.0195,PZM,USD,PZM,1726.74219363,2449.85625134,100.0,1.9970059880239521,102.2265556881691,2.2265556881690998,2.2265556881690998
441,12:09:02,live,live,1.01091,1.00026,USD,USDT,USD,5.0,8.69229979,100.0,100.88922155688623,100.6817699916351,0.6817699916350932,0.6817699916350932
442,12:09:02,live,live,1.01091,1.00026,USD,USDT,USD,5.0,9.69024355,100.0,100.88922155688623,100.6817699916351,0.6817699916350932,0.6817699916350932
443,12:09:02,live,live,1.01091,1.00025,USD,USDT,USD,5.0,97.7999661,100.0,100.88922155688623,100.6827765576935,0.6827765576935008,0.6827765576935008
444,12:09:02,live,live,1.01092,1.00026,USD,USDT,USD,24.99554169,8.69229979,100.0,100.89021956087825,100.68276594350017,0.6827659435001721,0.6827659435001721
445,12:09:02,live,live,1.01092,1.00026,USD,USDT,USD,24.99554169,9.69024355,100.0,100.89021956087825,100.68276594350017,0.6827659435001721,0.6827659435001721
446,12:09:02,live,live,1.01092,1.00025,USD,USDT,USD,24.99554169,97.7999661,100.0,100.89021956087825,100.6837725195156,0.6837725195155997,0.6837725195155997
447,12:09:02,live,live,1.01092,1.00026,USD,USDT,USD,44.99554169,8.69229979,100.0,100.89021956087825,100.68276594350017,0.6827659435001721,0.6827659435001721
448,12:09:02,live,live,1.01092,1.00026,USD,USDT,USD,44.99554169,9.69024355,100.0,100.89021956087825,100.68276594350017,0.6827659435001721,0.6827659435001721
449,12:09:02,live,live,1.01092,1.00025,USD,USDT,USD,44.99554169,97.7999661,100.0,100.89021956087825,100.6837725195156,0.6837725195155997,0.6837725195155997
471,12:09:02,live,hot,0.01923073,0.0205,PZM,USDT,PZM,109.7859082,1559.6,100.0,1.9192345309381238,93.45298126485126,-6.54701873514874,-6.54701873514874
472,12:09:02,live,hot,0.01923073,0.02065159,PZM,USDT,PZM,109.7859082,1672.67,100.0,1.9192345309381238,92.7670032152222,-7.2329967847777965,-7.2329967847777965
473,12:09:02,live,hot,0.01923073,0.0208581,PZM,USDT,PZM,109.7859082,1735.74,100.0,1.9192345309381238,91.84854401548802,-8.151455984511983,-8.151455984511983
477,12:09:02,live,hot,0.0192,0.0205,PZM,USDT,PZM,187.44896199,1559.6,100.0,1.9161676646706587,93.30364683426703,-6.6963531657329725,-6.6963531657329725
478,12:09:02,live,hot,0.0192,0.02065159,PZM,USDT,PZM,187.44896199,1672.67,100.0,1.9161676646706587,92.61876495235835,-7.381235047641653,-7.381235047641653
479,12:09:02,live,hot,0.0192,0.0208581,PZM,USDT,PZM,187.44896199,1735.74,100.0,1.9161676646706587,91.70177341668101,-8.298226583318993,-8.298226583318993
483,12:09:02,live,hot,0.01905,0.0205,PZM,USDT,PZM,537.44896199,1559.6,100.0,1.901197604790419,92.57471209337432,-7.425287906625684,-7.425287906625684
484,12:09:02,live,hot,0.01905,0.02065159,PZM,USDT,PZM,537.44896199,1672.67,100.0,1.901197604790419,91.89518085116804,-8.104819148831965,-8.104819148831965
485,12:09:02,live,hot,0.01905,0.0208581,PZM,USDT,PZM,537.44896199,1735.74,100.0,1.901197604790419,90.98535331186318,-9.014646688136821,-9.014646688136821
486,12:09:02,hot,live,0.02024665,0.02227274,PZM,USDT,PZM,44.92,514.96900837,100.0,2.0206237524950104,90.55882503896572,-9.441174961034278,-9.441174961034278
487,12:09:02,hot,live,0.02024665,0.02227275,PZM,USDT,PZM,44.92,955.48978793,100.0,2.0206237524950104,90.55878437994289,-9.441215620057108,-9.441215620057108
488,12:09:02,hot,live,0.02024665,0.02227294,PZM,USDT,PZM,44.92,1278.02118333,100.0,2.0206237524950104,90.55801186544629,-9.44198813455371,-9.44198813455371
492,12:09:02,hot,live,0.02004618,0.02227274,PZM,USDT,PZM,97.3,514.96900837,100.0,2.000616766467066,89.66216669521198,-10.33783330478802,-10.33783330478802
493,12:09:02,hot,live,0.02004618,0.02227275,PZM,USDT,PZM,97.3,955.48978793,100.0,2.000616766467066,89.66212643877004,-10.337873561229955,-10.337873561229955
494,12:09:02,hot,live,0.02004618,0.02227294,PZM,USDT,PZM,97.3,1278.02118333,100.0,2.000616766467066,89.66136157324159,-10.338638426758408,-10.338638426758408
498,12:09:02,hot,live,0.01984771,0.02227274,PZM,USDT,PZM,153.77,514.96900837,100.0,1.980809381237525,88.77445391282656,-11.225546087173441,-11.225546087173441
499,12:09:02,hot,live,0.01984771,0.02227275,PZM,USDT,PZM,153.77,955.48978793,100.0,1.980809381237525,88.77441405494913,-11.225585945050867,-11.225585945050867
500,12:09:02,hot,live,0.01984771,0.02227294,PZM,USDT,PZM,153.77,1278.02118333,100.0,1.980809381237525,88.77365676207849,-11.226343237921512,-11.226343237921512
144,12:09:02,alfa,alfa,2.07e-06,2.04e-06,BTC,PZM,BTC,281.66375462,4950.9803,100.0,48212753.23748638,98.15770120206808,-1.8422987979319174,-1.8422987979319172
145,12:09:02,alfa,alfa,2.07e-06,2.03e-06,BTC,PZM,BTC,281.66375462,21923.93618437,100.0,48212753.23748638,97.67653600009714,-2.323463999902856,-2.323463999902856
146,12:09:02,alfa,alfa,2.07e-06,2.02e-06,BTC,PZM,BTC,281.66375462,52866.51539229,100.0,48212753.23748638,97.19537079812623,-2.804629201873766,-2.804629201873766
147,12:09:02,alfa,live,2.07e-06,2.09e-06,BTC,PZM,BTC,281.66375462,1186.69299387,100.0,48212753.23748638,100.56352721192268,0.5635272119226755,0.5635272119226755
148,12:09:02,alfa,live,2.07e-06,2.08e-06,BTC,PZM,BTC,281.66375462,1666.59839491,100.0,48212753.23748638,100.08236200995177,0.08236200995176546,0.08236200995176546
149,12:09:02,alfa,live,2.07e-06,2.07e-06,BTC,PZM,BTC,281.66375462,2441.46450547,100.0,48212753.23748638,99.60119680798086,-0.3988031920191446,-0.3988031920191446
150,12:09:02,alfa,hot,2.07e-06,2.21e-06,BTC,PZM,BTC,281.66375462,0.01,100.0,48212753.23748638,106.33750963557374,6.337509635573738,6.337509635573739
151,12:09:02,alfa,hot,2.07e-06,2.17e-06,BTC,PZM,BTC,281.66375462,60.1,100.0,48212753.23748638,104.41284882769006,4.4128488276900555,4.4128488276900555
152,12:09:02,alfa,hot,2.07e-06,2.16e-06,BTC,PZM,BTC,281.66375462,62.6,100.0,48212753.23748638,103.93168362571915,3.9316836257191454,3.9316836257191454
153,12:09:02,alfa,alfa,2.09e-06,2.04e-06,BTC,PZM,BTC,575.84387153,4950.9803,100.0,47751387.17779751,97.21839305659374,-2.78160694340626,-2.78160694340626
154,12:09:02,alfa,alfa,2.09e-06,2.03e-06,BTC,PZM,BTC,575.84387153,21923.93618437,100.0,47751387.17779751,96.74183230631631,-3.2581676936836885,-3.258167693683688
155,12:09:02,alfa,alfa,2.09e-06,2.02e-06,BTC,PZM,BTC,575.84387153,52866.51539229,100.0,47751387.17779751,96.2652715560389,-3.734728443961103,-3.734728443961103
156,12:09:02,alfa,live,2.09e-06,2.09e-06,BTC,PZM,BTC,575.84387153,1186.69299387,100.0,47751387.17779751,99.60119680798083,-0.398803192019173,-0.398803192019173
157,12:09:02,alfa,live,2.09e-06,2.08e-06,BTC,PZM,BTC,575.84387153,1666.59839491,100.0,47751387.17779751,99.12463605770341,-0.8753639422965875,-0.8753639422965874
158,12:09:02,alfa,live,2.09e-06,2.07e-06,BTC,PZM,BTC,575.84387153,2441.46450547,100.0,47751387.17779751,98.64807530742601,-1.3519246925739878,-1.3519246925739878
159,12:09:02,alfa,hot,2.09e-06,2.21e-06,BTC,PZM,BTC,575.84387153,0.01,100.0,47751387.17779751,105.31992581130987,5.319925811309872,5.319925811309872
160,12:09:02,alfa,hot,2.09e-06,2.17e-06,BTC,PZM,BTC,575.84387153,60.1,100.0,47751387.17779751,103.4136828102002,3.4136828102002,3.4136828102002
161,12:09:02,alfa,hot,2.09e-06,2.16e-06,BTC,PZM,BTC,575.84387153,62.6,100.0,47751387.17779751,102.93712205992279,2.9371220599227854,2.9371220599227854
162,12:09:02,alfa,alfa,2.1e-06,2.04e-06,BTC,PZM,BTC,1300.48387153,4950.9803,100.0,47523999.61980801,96.75544832775284,-3.2445516722471552,-3.2445516722471557
163,12:09:02,alfa,alfa,2.1e-06,2.03e-06,BTC,PZM,BTC,1300.48387153,21923.93618437,100.0,47523999.61980801,96.2811569143815,-3.718843085618502,-3.718843085618502
164,12:09:02,alfa,alfa,2.1e-06,2.02e-06,BTC,PZM,BTC,1300.48387153,52866.51539229,100.0,47523999.61980801,95.80686550101017,-4.193134498989835,-4.193134498989835
165,12:09:02,alfa,live,2.1e-06,2.09e-06,BTC,PZM,BTC,1300.48387153,1186.69299387,100.0,47523999.61980801,99.12690539460951,-0.8730946053904916,-0.8730946053904916
166,12:09:02,alfa,live,2.1e-06,2.08e-06,BTC,PZM,BTC,1300.48387153,1666.59839491,100.0,47523999.61980801,98.65261398123819,-1.34738601876181,-1.34738601876181
167,12:09:02,alfa,live,2.1e-06,2.07e-06,BTC,PZM,BTC,1300.48387153,2441.46450547,100.0,47523999.61980801,98.17832256786686,-1.8216774321331428,-1.8216774321331428
168,12:09:02,alfa,hot,2.1e-06,2.21e-06,BTC,PZM,BTC,1300.48387153,0.01,100.0,47523999.61980801,104.81840235506556,4.818402355065558,4.818402355065558
169,12:09:02,alfa,hot,2.1e-06,2.17e-06,BTC,PZM,BTC,1300.48387153,60.1,100.0,47523999.61980801,102.92123670158021,2.921236701580213,2.921236701580213
170,12:09:02,alfa,hot,2.1e-06,2.16e-06,BTC,PZM,BTC,1300.48387153,62.6,100.0,47523999.61980801,102.4469452882089,2.4469452882088945,2.4469452882088945
225,12:09:02,live,alfa,2.1e-06,2.04e-06,BTC,PZM,BTC,394.84330579,4950.9803,100.0,47523999.61980801,96.75544832775284,-3.2445516722471552,-3.2445516722471557
226,12:09:02,live,alfa,2.1e-06,2.03e-06,BTC,PZM,BTC,394.84330579,21923.93618437,100.0,47523999.61980801,96.2811569143815,-3.718843085618502,-3.718843085618502
227,12:09:02,live,alfa,2.1e-06,2.02e-06,BTC,PZM,BTC,394.84330579,52866.51539229,100.0,47523999.61980801,95.80686550101017,-4.193134498989835,-4.193134498989835
228,12:09:02,live,live,2.1e-06,2.09e-06,BTC,PZM,BTC,394.84330579,1186.69299387,100.0,47523999.61980801,99.12690539460951,-0.8730946053904916,-0.8730946053904916
229,12:09:02,live,live,2.1e-06,2.08e-06,BTC,PZM,BTC,394.84330579,1666.59839491,100.0,47523999.61980801,98.65261398123819,-1.34738601876181,-1.34738601876181
230,12:09:02,live,live,2.1e-06,2.07e-06,BTC,PZM,BTC,394.84330579,2441.46450547,100.0,47523999.61980801,98.17832256786686,-1.8216774321331428,-1.8216774321331428
231,12:09:02,live,hot,2.1e-06,2.21e-06,BTC,PZM,BTC,394.84330579,0.01,100.0,47523999.61980801,104.81840235506556,4.818402355065558,4.818402355065558
232,12:09:02,live,hot,2.1e-06,2.17e-06,BTC,PZM,BTC,394.84330579,60.1,100.0,47523999.61980801,102.92123670158021,2.921236701580213,2.921236701580213
233,12:09:02,live,hot,2.1e-06,2.16e-06,BTC,PZM,BTC,394.84330579,62.6,100.0,47523999.61980801,102.4469452882089,2.4469452882088945,2.4469452882088945
234,12:09:02,live,alfa,2.11e-06,2.04e-06,BTC,PZM,BTC,1066.85774286,4950.9803,100.0,47298767.39412171,96.29689170060708,-3.703108299392923,-3.703108299392923
235,12:09:02,live,alfa,2.11e-06,2.03e-06,BTC,PZM,BTC,1066.85774286,21923.93618437,100.0,47298767.39412171,95.82484811383938,-4.17515188616062,-4.17515188616062
236,12:09:02,live,alfa,2.11e-06,2.02e-06,BTC,PZM,BTC,1066.85774286,52866.51539229,100.0,47298767.39412171,95.35280452707171,-4.6471954729282885,-4.6471954729282885
237,12:09:02,live,live,2.11e-06,2.09e-06,BTC,PZM,BTC,1066.85774286,1186.69299387,100.0,47298767.39412171,98.65710963444546,-1.3428903655545383,-1.3428903655545383
238,12:09:02,live,live,2.11e-06,2.08e-06,BTC,PZM,BTC,1066.85774286,1666.59839491,100.0,47298767.39412171,98.1850660476778,-1.8149339523222068,-1.8149339523222068
239,12:09:02,live,live,2.11e-06,2.07e-06,BTC,PZM,BTC,1066.85774286,2441.46450547,100.0,47298767.39412171,97.71302246091012,-2.2869775390898752,-2.2869775390898752
240,12:09:02,live,hot,2.11e-06,2.21e-06,BTC,PZM,BTC,1066.85774286,0.01,100.0,47298767.39412171,104.32163267565765,4.3216326756576535,4.3216326756576535
241,12:09:02,live,hot,2.11e-06,2.17e-06,BTC,PZM,BTC,1066.85774286,60.1,100.0,47298767.39412171,102.43345832858692,2.433458328586923,2.433458328586923
242,12:09:02,live,hot,2.11e-06,2.16e-06,BTC,PZM,BTC,1066.85774286,62.6,100.0,47298767.39412171,101.96141474181925,1.9614147418192545,1.9614147418192545
243,12:09:02,live,alfa,2.11e-06,2.04e-06,BTC,PZM,BTC,1738.87217993,4950.9803,100.0,47298767.39412171,96.29689170060708,-3.703108299392923,-3.703108299392923
244,12:09:02,live,alfa,2.11e-06,2.03e-06,BTC,PZM,BTC,1738.87217993,21923.93618437,100.0,47298767.39412171,95.82484811383938,-4.17515188616062,-4.17515188616062
245,12:09:02,live,alfa,2.11e-06,2.02e-06,BTC,PZM,BTC,1738.87217993,52866.51539229,100.0,47298767.39412171,95.35280452707171,-4.6471954729282885,-4.6471954729282885
246,12:09:02,live,live,2.11e-06,2.09e-06,BTC,PZM,BTC,1738.87217993,1186.69299387,100.0,47298767.39412171,98.65710963444546,-1.3428903655545383,-1.3428903655545383
247,12:09:02,live,live,2.11e-06,2.08e-06,BTC,PZM,BTC,1738.87217993,1666.59839491,100.0,47298767.39412171,98.1850660476778,-1.8149339523222068,-1.8149339523222068
248,12:09:02,live,live,2.11e-06,2.07e-06,BTC,PZM,BTC,1738.87217993,2441.46450547,100.0,47298767.39412171,97.71302246091012,-2.2869775390898752,-2.2869775390898752
249,12:09:02,live,hot,2.11e-06,2.21e-06,BTC,PZM,BTC,1738.87217993,0.01,100.0,47298767.39412171,104.32163267565765,4.3216326756576535,4.3216326756576535
250,12:09:02,live,hot,2.11e-06,2.17e-06,BTC,PZM,BTC,1738.87217993,60.1,100.0,47298767.39412171,102.43345832858692,2.433458328586923,2.433458328586923
251,12:09:02,live,hot,2.11e-06,2.16e-06,BTC,PZM,BTC,1738.87217993,62.6,100.0,47298767.39412171,101.96141474181925,1.9614147418192545,1.9614147418192545
252,12:09:02,hot,alfa,2.22e-06,2.04e-06,BTC,PZM,BTC,65.95,4950.9803,100.0,44955134.775494054,91.52542409382023,-8.474575906179766,-8.474575906179766
253,12:09:02,hot,alfa,2.22e-06,2.03e-06,BTC,PZM,BTC,65.95,21923.93618437,100.0,44955134.775494054,91.07677005414463,-8.923229945855368,-8.923229945855368
254,12:09:02,hot,alfa,2.22e-06,2.02e-06,BTC,PZM,BTC,65.95,52866.51539229,100.0,44955134.775494054,90.62811601446906,-9.371883985530943,-9.371883985530943
255,12:09:02,hot,live,2.22e-06,2.09e-06,BTC,PZM,BTC,65.95,1186.69299387,100.0,44955134.775494054,93.76869429219816,-6.2313057078018375,-6.2313057078018375
256,12:09:02,hot,live,2.22e-06,2.08e-06,BTC,PZM,BTC,65.95,1666.59839491,100.0,44955134.775494054,93.32004025252259,-6.679959747477412,-6.679959747477411
257,12:09:02,hot,live,2.22e-06,2.07e-06,BTC,PZM,BTC,65.95,2441.46450547,100.0,44955134.775494054,92.871386212847,-7.128613787153,-7.128613787153
258,12:09:02,hot,hot,2.22e-06,2.21e-06,BTC,PZM,BTC,65.95,0.01,100.0,44955134.775494054,99.15254276830524,-0.8474572316947615,-0.8474572316947615
259,12:09:02,hot,hot,2.22e-06,2.17e-06,BTC,PZM,BTC,65.95,60.1,100.0,44955134.775494054,97.35792660960288,-2.6420733903971154,-2.6420733903971154
260,12:09:02,hot,hot,2.22e-06,2.16e-06,BTC,PZM,BTC,65.95,62.6,100.0,44955134.775494054,96.90927256992731,-3.0907274300726897,-3.0907274300726897
261,12:09:02,hot,alfa,2.24e-06,2.04e-06,BTC,PZM,BTC,138.5,4950.9803,100.0,44553749.64357,90.70823280726826,-9.29176719273174,-9.29176719273174
262,12:09:02,hot,alfa,2.24e-06,2.03e-06,BTC,PZM,BTC,138.5,21923.93618437,100.0,44553749.64357,90.26358460723263,-9.73641539276737,-9.73641539276737
263,12:09:02,hot,alfa,2.24e-06,2.02e-06,BTC,PZM,BTC,138.5,52866.51539229,100.0,44553749.64357,89.81893640719701,-10.181063592802985,-10.181063592802985
264,12:09:02,hot,live,2.24e-06,2.09e-06,BTC,PZM,BTC,138.5,1186.69299387,100.0,44553749.64357,92.9314738074464,-7.068526192553605,-7.068526192553605
265,12:09:02,hot,live,2.24e-06,2.08e-06,BTC,PZM,BTC,138.5,1666.59839491,100.0,44553749.64357,92.48682560741078,-7.513174392589221,-7.513174392589221
266,12:09:02,hot,live,2.24e-06,2.07e-06,BTC,PZM,BTC,138.5,2441.46450547,100.0,44553749.64357,92.04217740737515,-7.957822592624851,-7.957822592624851
267,12:09:02,hot,hot,2.24e-06,2.21e-06,BTC,PZM,BTC,138.5,0.01,100.0,44553749.64357,98.26725220787394,-1.7327477921260623,-1.7327477921260623
268,12:09:02,hot,hot,2.24e-06,2.17e-06,BTC,PZM,BTC,138.5,60.1,100.0,44553749.64357,96.48865940773143,-3.511340592268567,-3.511340592268567
269,12:09:02,hot,hot,2.24e-06,2.16e-06,BTC,PZM,BTC,138.5,62.6,100.0,44553749.64357,96.04401120769582,-3.9559887923041828,-3.9559887923041828
270,12:09:02,hot,alfa,2.26e-06,2.04e-06,BTC,PZM,BTC,200.75,4950.9803,100.0,44159468.67327293,89.90550508331016,-10.09449491668984,-10.09449491668984
271,12:09:02,hot,alfa,2.26e-06,2.03e-06,BTC,PZM,BTC,200.75,21923.93618437,100.0,44159468.67327293,89.46479182309784,-10.53520817690216,-10.53520817690216
272,12:09:02,hot,alfa,2.26e-06,2.02e-06,BTC,PZM,BTC,200.75,52866.51539229,100.0,44159468.67327293,89.02407856288555,-10.975921437114451,-10.975921437114451
273,12:09:02,hot,live,2.26e-06,2.09e-06,BTC,PZM,BTC,200.75,1186.69299387,100.0,44159468.67327293,92.10907138437167,-7.890928615628326,-7.890928615628326
274,12:09:02,hot,live,2.26e-06,2.08e-06,BTC,PZM,BTC,200.75,1666.59839491,100.0,44159468.67327293,91.66835812415937,-8.331641875840631,-8.331641875840631
275,12:09:02,hot,live,2.26e-06,2.07e-06,BTC,PZM,BTC,200.75,2441.46450547,100.0,44159468.67327293,91.22764486394708,-8.772355136052923,-8.772355136052923
276,12:09:02,hot,hot,2.26e-06,2.21e-06,BTC,PZM,BTC,200.75,0.01,100.0,44159468.67327293,97.39763050691933,-2.6023694930806727,-2.6023694930806727
277,12:09:02,hot,hot,2.26e-06,2.17e-06,BTC,PZM,BTC,200.75,60.1,100.0,44159468.67327293,95.63477746607012,-4.365222533929881,-4.365222533929881
278,12:09:02,hot,hot,2.26e-06,2.16e-06,BTC,PZM,BTC,200.75,62.6,100.0,44159468.67327293,95.19406420585783,-4.805935794142172,-4.805935794142172
387,12:09:02,live,live,0.00473486,0.00466259,BTC,LTC,BTC,0.05412621,2.35864371,100.0,21077.793050184548,98.0809452074451,-1.9190547925549026,-1.9190547925549024
388,12:09:02,live,live,0.00473486,0.00466259,BTC,LTC,BTC,0.05412621,11.1251227,100.0,21077.793050184548,98.0809452074451,-1.9190547925549026,-1.9190547925549024
389,12:09:02,live,live,0.00473486,0.00466255,BTC,LTC,BTC,0.05412621,11.33959761,100.0,21077.793050184548,98.08010377858079,-1.919896221419208,-1.9198962214192081
390,12:09:02,live,live,0.00473488,0.00466259,BTC,LTC,BTC,0.12749568,2.35864371,100.0,21077.704018179298,98.08053091629004,-1.9194690837099557,-1.9194690837099557
391,12:09:02,live,live,0.00473488,0.00466259,BTC,LTC,BTC,0.12749568,11.1251227,100.0,21077.704018179298,98.08053091629004,-1.9194690837099557,-1.9194690837099557
392,12:09:02,live,live,0.00473488,0.00466255,BTC,LTC,BTC,0.12749568,11.33959761,100.0,21077.704018179298,98.07968949097992,-1.9203105090200836,-1.9203105090200834
393,12:09:02,live,live,0.004862,0.00466259,BTC,LTC,BTC,0.26649568,2.35864371,100.0,20526.614397695765,95.51615471512206,-4.483845284877944,-4.483845284877944
394,12:09:02,live,live,0.004862,0.00466259,BTC,LTC,BTC,0.26649568,11.1251227,100.0,20526.614397695765,95.51615471512206,-4.483845284877944,-4.483845284877944
395,12:09:02,live,live,0.004862,0.00466255,BTC,LTC,BTC,0.26649568,11.33959761,100.0,20526.614397695765,95.51533528939758,-4.4846647106024164,-4.4846647106024164
414,12:09:02,live,live,0.02215,0.02207698,BTC,ETH,BTC,0.13822675,3.94392325,100.0,4505.661363503242,99.27285010861657,-0.7271498913834336,-0.7271498913834336
415,12:09:02,live,live,0.02215,0.02206698,BTC,ETH,BTC,0.13822675,3.96057318,100.0,4505.661363503242,99.22788342834208,-0.7721165716579179,-0.7721165716579179
416,12:09:02,live,live,0.02215,0.02206698,BTC,ETH,BTC,0.13822675,3.97725296,100.0,4505.661363503242,99.22788342834208,-0.7721165716579179,-0.7721165716579179
417,12:09:02,live,live,0.02215804,0.02207698,BTC,ETH,BTC,0.14822675,3.94392325,100.0,4504.026493390065,99.23682915573114,-0.7631708442688563,-0.7631708442688563
418,12:09:02,live,live,0.02215804,0.02206698,BTC,ETH,BTC,0.14822675,3.96057318,100.0,4504.026493390065,99.19187879152564,-0.8081212084743612,-0.8081212084743612
419,12:09:02,live,live,0.02215804,0.02206698,BTC,ETH,BTC,0.14822675,3.97725296,100.0,4504.026493390065,99.19187879152564,-0.8081212084743612,-0.8081212084743612
420,12:09:02,live,live,0.02216292,0.02207698,BTC,ETH,BTC,0.15542675,3.94392325,100.0,4503.034762639436,99.21497843722113,-0.7850215627788657,-0.7850215627788657
421,12:09:02,live,live,0.02216292,0.02206698,BTC,ETH,BTC,0.15542675,3.96057318,100.0,4503.034762639436,99.17003797052811,-0.8299620294718864,-0.8299620294718862
422,12:09:02,live,live,0.02216292,0.02206698,BTC,ETH,BTC,0.15542675,3.97725296,100.0,4503.034762639436,99.17003797052811,-0.8299620294718864,-0.8299620294718862
432,12:09:02,live,live,2.145e-05,2.117e-05,BTC,XRP,BTC,1650.24172028,76.93792,100.0,4652699.263477707,98.30104132517272,-1.6989586748272814,-1.6989586748272814
433,12:09:02,live,live,2.145e-05,2.117e-05,BTC,XRP,BTC,1650.24172028,1701.22582,100.0,4652699.263477707,98.30104132517272,-1.6989586748272814,-1.6989586748272814
434,12:09:02,live,live,2.145e-05,2.116e-05,BTC,XRP,BTC,1650.24172028,2221.19579636,100.0,4652699.263477707,98.25460720078672,-1.7453927992132776,-1.7453927992132776
435,12:09:02,live,live,2.145e-05,2.117e-05,BTC,XRP,BTC,2116.44172028,76.93792,100.0,4652699.263477707,98.30104132517272,-1.6989586748272814,-1.6989586748272814
436,12:09:02,live,live,2.145e-05,2.117e-05,BTC,XRP,BTC,2116.44172028,1701.22582,100.0,4652699.263477707,98.30104132517272,-1.6989586748272814,-1.6989586748272814
437,12:09:02,live,live,2.145e-05,2.116e-05,BTC,XRP,BTC,2116.44172028,2221.19579636,100.0,4652699.263477707,98.25460720078672,-1.7453927992132776,-1.7453927992132776
438,12:09:02,live,live,2.146e-05,2.117e-05,BTC,XRP,BTC,2442.98989193,76.93792,100.0,4650531.183671799,98.25523468895408,-1.7447653110459242,-1.7447653110459242
439,12:09:02,live,live,2.146e-05,2.117e-05,BTC,XRP,BTC,2442.98989193,1701.22582,100.0,4650531.183671799,98.25523468895408,-1.7447653110459242,-1.7447653110459242
440,12:09:02,live,live,2.146e-05,2.116e-05,BTC,XRP,BTC,2442.98989193,2221.19579636,100.0,4650531.183671799,98.20882220209108,-1.7911777979089152,-1.791177797908915
504,12:09:02,live,live,0.02554734,0.02495146,BTC,BCH,BTC,1.881,0.02529233,100.0,3906.488863482335,97.27804452856782,-2.7219554714321816,-2.7219554714321816
505,12:09:02,live,live,0.02554734,0.02495145,BTC,BCH,BTC,1.881,0.35488361,100.0,3906.488863482335,97.278005541653,-2.721994458346998,-2.721994458346998
506,12:09:02,live,live,0.02554734,0.02495143,BTC,BCH,BTC,1.881,0.79563468,100.0,3906.488863482335,97.2779275678234,-2.7220724321766028,-2.7220724321766028
507,12:09:02,live,live,0.02554737,0.02495146,BTC,BCH,BTC,2.00210369,0.02529233,100.0,3906.484276134757,97.27793029601332,-2.7220697039866764,-2.7220697039866764
508,12:09:02,live,live,0.02554737,0.02495145,BTC,BCH,BTC,2.00210369,0.35488361,100.0,3906.484276134757,97.2778913091443,-2.7221086908557055,-2.7221086908557055
509,12:09:02,live,live,0.02554737,0.02495143,BTC,BCH,BTC,2.00210369,0.79563468,100.0,3906.484276134757,97.27781333540625,-2.7221866645937496,-2.7221866645937496
510,12:09:02,live,live,0.02572951,0.02495146,BTC,BCH,BTC,2.00951099,0.02529233,100.0,3878.830152676705,96.58929680769133,-3.4107031923086737,-3.4107031923086737
511,12:09:02,live,live,0.02572951,0.02495145,BTC,BCH,BTC,2.00951099,0.35488361,100.0,3878.830152676705,96.58925809681155,-3.410741903188452,-3.4107419031884514
512,12:09:02,live,live,0.02572951,0.02495143,BTC,BCH,BTC,2.00951099,0.79563468,100.0,3878.830152676705,96.58918067505202,-3.4108193249479797,-3.41081932494798
513,12:09:02,live,live,0.00509628,0.004975,BTC,ZEC,BTC,0.37347067,0.0225,100.0,19582.989788943465,97.23091237524325,-2.76908762475675,-2.76908762475675
514,12:09:02,live,live,0.00509628,0.00484265,BTC,ZEC,BTC,0.37347067,10.0587,100.0,19582.989788943465,94.64427694753202,-5.3557230524679795,-5.3557230524679795
515,12:09:02,live,live,0.00509628,0.00484264,BTC,ZEC,BTC,0.37347067,10.30649872,100.0,19582.989788943465,94.64408150851214,-5.355918491487856,-5.355918491487856
516,12:09:02,live,live,0.00509639,0.004975,BTC,ZEC,BTC,0.57403586,0.0225,100.0,19582.567111543034,97.22881375242176,-2.7711862475782425,-2.7711862475782425
517,12:09:02,live,live,0.00509639,0.00484265,BTC,ZEC,BTC,0.57403586,10.0587,100.0,19582.567111543034,94.64223415440507,-5.357765845594926,-5.357765845594926
518,12:09:02,live,live,0.00509639,0.00484264,BTC,ZEC,BTC,0.57403586,10.30649872,100.0,19582.567111543034,94.64203871960355,-5.357961280396452,-5.357961280396452
519,12:09:02,live,live,0.0050964,0.004975,BTC,ZEC,BTC,0.86485772,0.0225,100.0,19582.528687229573,97.22862297302109,-2.771377026978911,-2.771377026978911
520,12:09:02,live,live,0.0050964,0.00484265,BTC,ZEC,BTC,0.86485772,10.0587,100.0,19582.528687229573,94.64204845031168,-5.357951549688323,-5.357951549688323
521,12:09:02,live,live,0.0050964,0.00484264,BTC,ZEC,BTC,0.86485772,10.30649872,100.0,19582.528687229573,94.64185301589363,-5.358146984106369,-5.358146984106369
3,12:09:02,alfa,live,2.04e-06,2.1e-06,PZM,BTC,PZM,4950.9803,394.84330579,100.0,0.0002035928143712575,96.77476464804185,-3.2252353519581476,-3.225235351958147
4,12:09:02,alfa,live,2.04e-06,2.11e-06,PZM,BTC,PZM,4950.9803,1066.85774286,100.0,0.0002035928143712575,96.31611647435443,-3.6838835256455695,-3.6838835256455695
5,12:09:02,alfa,live,2.04e-06,2.11e-06,PZM,BTC,PZM,4950.9803,1738.87217993,100.0,0.0002035928143712575,96.31611647435443,-3.6838835256455695,-3.6838835256455695
6,12:09:02,alfa,hot,2.04e-06,2.22e-06,PZM,BTC,PZM,4950.9803,65.95,100.0,0.0002035928143712575,91.54369628868824,-8.456303711311762,-8.456303711311762
7,12:09:02,alfa,hot,2.04e-06,2.24e-06,PZM,BTC,PZM,4950.9803,138.5,100.0,0.0002035928143712575,90.72634185753924,-9.27365814246076,-9.27365814246076
8,12:09:02,alfa,hot,2.04e-06,2.26e-06,PZM,BTC,PZM,4950.9803,200.75,100.0,0.0002035928143712575,89.92345387649907,-10.076546123500933,-10.076546123500933
12,12:09:02,alfa,live,2.03e-06,2.1e-06,PZM,BTC,PZM,21923.93618437,394.84330579,100.0,0.0002025948103792415,96.30037854682595,-3.6996214531740463,-3.6996214531740463
13,12:09:02,alfa,live,2.03e-06,2.11e-06,PZM,BTC,PZM,21923.93618437,1066.85774286,100.0,0.0002025948103792415,95.84397864849974,-4.156021351500257,-4.156021351500257
14,12:09:02,alfa,live,2.03e-06,2.11e-06,PZM,BTC,PZM,21923.93618437,1738.87217993,100.0,0.0002025948103792415,95.84397864849974,-4.156021351500257,-4.156021351500257
15,12:09:02,alfa,hot,2.03e-06,2.22e-06,PZM,BTC,PZM,21923.93618437,65.95,100.0,0.0002025948103792415,91.09495267942995,-8.905047320570048,-8.905047320570048
16,12:09:02,alfa,hot,2.03e-06,2.24e-06,PZM,BTC,PZM,21923.93618437,138.5,100.0,0.0002025948103792415,90.28160488764932,-9.718395112350677,-9.718395112350677
17,12:09:02,alfa,hot,2.03e-06,2.26e-06,PZM,BTC,PZM,21923.93618437,200.75,100.0,0.0002025948103792415,89.48265263200642,-10.51734736799358,-10.51734736799358
21,12:09:02,alfa,live,2.02e-06,2.1e-06,PZM,BTC,PZM,52866.51539229,394.84330579,100.0,0.00020159680638722556,95.82599244561007,-4.174007554389931,-4.174007554389931
22,12:09:02,alfa,live,2.02e-06,2.11e-06,PZM,BTC,PZM,52866.51539229,1066.85774286,100.0,0.00020159680638722556,95.37184082264508,-4.628159177354917,-4.628159177354917
23,12:09:02,alfa,live,2.02e-06,2.11e-06,PZM,BTC,PZM,52866.51539229,1738.87217993,100.0,0.00020159680638722556,95.37184082264508,-4.628159177354917,-4.628159177354917
24,12:09:02,alfa,hot,2.02e-06,2.22e-06,PZM,BTC,PZM,52866.51539229,65.95,100.0,0.00020159680638722556,90.6462090701717,-9.353790929828307,-9.353790929828307
25,12:09:02,alfa,hot,2.02e-06,2.24e-06,PZM,BTC,PZM,52866.51539229,138.5,100.0,0.00020159680638722556,89.83686791775943,-10.163132082240566,-10.163132082240566
26,12:09:02,alfa,hot,2.02e-06,2.26e-06,PZM,BTC,PZM,52866.51539229,200.75,100.0,0.00020159680638722556,89.04185138751379,-10.958148612486212,-10.958148612486212
90,12:09:02,live,alfa,2.09e-06,2.07e-06,PZM,BTC,PZM,1186.69299387,281.66375462,100.0,0.0002085828343313373,100.58360377954334,0.5836037795433384,0.5836037795433384
91,12:09:02,live,alfa,2.09e-06,2.09e-06,PZM,BTC,PZM,1186.69299387,575.84387153,100.0,0.0002085828343313373,99.62108125533719,-0.37891874466281195,-0.37891874466281195
92,12:09:02,live,alfa,2.09e-06,2.1e-06,PZM,BTC,PZM,1186.69299387,1300.48387153,100.0,0.0002085828343313373,99.1466951541213,-0.8533048458786965,-0.8533048458786965
96,12:09:02,live,hot,2.09e-06,2.22e-06,PZM,BTC,PZM,1186.69299387,65.95,100.0,0.0002085828343313373,93.7874143349796,-6.2125856650203986,-6.2125856650203986
97,12:09:02,live,hot,2.09e-06,2.24e-06,PZM,BTC,PZM,1186.69299387,138.5,100.0,0.0002085828343313373,92.95002670698871,-7.049973293011291,-7.049973293011291
98,12:09:02,live,hot,2.09e-06,2.26e-06,PZM,BTC,PZM,1186.69299387,200.75,100.0,0.0002085828343313373,92.12746009896226,-7.87253990103774,-7.872539901037739
99,12:09:02,live,alfa,2.08e-06,2.07e-06,PZM,BTC,PZM,1666.59839491,281.66375462,100.0,0.00020758483033932136,100.10234251744028,0.10234251744027745,0.10234251744027745
100,12:09:02,live,alfa,2.08e-06,2.09e-06,PZM,BTC,PZM,1666.59839491,575.84387153,100.0,0.00020758483033932136,99.14442536416334,-0.8555746358366605,-0.8555746358366605
101,12:09:02,live,alfa,2.08e-06,2.1e-06,PZM,BTC,PZM,1666.59839491,1300.48387153,100.0,0.00020758483033932136,98.67230905290542,-1.327690947094581,-1.327690947094581
105,12:09:02,live,hot,2.08e-06,2.22e-06,PZM,BTC,PZM,1666.59839491,65.95,100.0,0.00020758483033932136,93.33867072572133,-6.661329274278671,-6.661329274278671
106,12:09:02,live,hot,2.08e-06,2.24e-06,PZM,BTC,PZM,1666.59839491,138.5,100.0,0.00020758483033932136,92.50528973709882,-7.4947102629011795,-7.494710262901179
107,12:09:02,live,hot,2.08e-06,2.26e-06,PZM,BTC,PZM,1666.59839491,200.75,100.0,0.00020758483033932136,91.68665885446964,-8.313341145530359,-8.313341145530359
108,12:09:02,live,alfa,2.07e-06,2.07e-06,PZM,BTC,PZM,2441.46450547,281.66375462,100.0,0.00020658682634730542,99.62108125533722,-0.3789187446627835,-0.3789187446627835
109,12:09:02,live,alfa,2.07e-06,2.09e-06,PZM,BTC,PZM,2441.46450547,575.84387153,100.0,0.00020658682634730542,98.66776947298949,-1.332230527010509,-1.332230527010509
110,12:09:02,live,alfa,2.07e-06,2.1e-06,PZM,BTC,PZM,2441.46450547,1300.48387153,100.0,0.00020658682634730542,98.19792295168953,-1.8020770483104656,-1.8020770483104656
114,12:09:02,live,hot,2.07e-06,2.22e-06,PZM,BTC,PZM,2441.46450547,65.95,100.0,0.00020658682634730542,92.88992711646307,-7.11007288353693,-7.110072883536929
115,12:09:02,live,hot,2.07e-06,2.24e-06,PZM,BTC,PZM,2441.46450547,138.5,100.0,0.00020658682634730542,92.06055276720895,-7.9394472327910535,-7.939447232791054
116,12:09:02,live,hot,2.07e-06,2.26e-06,PZM,BTC,PZM,2441.46450547,200.75,100.0,0.00020658682634730542,91.24585760997701,-8.754142390022992,-8.754142390022992
117,12:09:02,hot,alfa,2.21e-06,2.07e-06,PZM,BTC,PZM,0.01,281.66375462,100.0,0.00022055888223552892,106.35873892478028,6.358738924780283,6.358738924780283
118,12:09:02,hot,alfa,2.21e-06,2.09e-06,PZM,BTC,PZM,0.01,575.84387153,100.0,0.00022055888223552892,105.34095194942354,5.340951949423541,5.340951949423541
119,12:09:02,hot,alfa,2.21e-06,2.1e-06,PZM,BTC,PZM,0.01,1300.48387153,100.0,0.00022055888223552892,104.839328368712,4.839328368712003,4.839328368712003
120,12:09:02,hot,live,2.21e-06,2.1e-06,PZM,BTC,PZM,0.01,394.84330579,100.0,0.00022055888223552892,104.839328368712,4.839328368712003,4.839328368712003
121,12:09:02,hot,live,2.21e-06,2.11e-06,PZM,BTC,PZM,0.01,1066.85774286,100.0,0.00022055888223552892,104.34245951388395,4.342459513883952,4.342459513883952
122,12:09:02,hot,live,2.21e-06,2.11e-06,PZM,BTC,PZM,0.01,1738.87217993,100.0,0.00022055888223552892,104.34245951388395,4.342459513883952,4.342459513883952
126,12:09:02,hot,alfa,2.17e-06,2.07e-06,PZM,BTC,PZM,60.1,281.66375462,100.0,0.00021656686626746505,104.43369387636797,4.433693876367968,4.433693876367968
127,12:09:02,hot,alfa,2.17e-06,2.09e-06,PZM,BTC,PZM,60.1,575.84387153,100.0,0.00021656686626746505,103.43432838472809,3.43432838472809,3.43432838472809
128,12:09:02,hot,alfa,2.17e-06,2.1e-06,PZM,BTC,PZM,60.1,1300.48387153,100.0,0.00021656686626746505,102.94178396384844,2.9417839638484367,2.9417839638484367
129,12:09:02,hot,live,2.17e-06,2.1e-06,PZM,BTC,PZM,60.1,394.84330579,100.0,0.00021656686626746505,102.94178396384844,2.9417839638484367,2.9417839638484367
130,12:09:02,hot,live,2.17e-06,2.11e-06,PZM,BTC,PZM,60.1,1066.85774286,100.0,0.00021656686626746505,102.45390821046524,2.4539082104652437,2.4539082104652437
131,12:09:02,hot,live,2.17e-06,2.11e-06,PZM,BTC,PZM,60.1,1738.87217993,100.0,0.00021656686626746505,102.45390821046524,2.4539082104652437,2.4539082104652437
135,12:09:02,hot,alfa,2.16e-06,2.07e-06,PZM,BTC,PZM,62.6,281.66375462,100.0,0.00021556886227544912,103.95243261426491,3.9524326142649073,3.9524326142649073
136,12:09:02,hot,alfa,2.16e-06,2.09e-06,PZM,BTC,PZM,62.6,575.84387153,100.0,0.00021556886227544912,102.95767249355424,2.9576724935542416,2.9576724935542416
137,12:09:02,hot,alfa,2.16e-06,2.1e-06,PZM,BTC,PZM,62.6,1300.48387153,100.0,0.00021556886227544912,102.46739786263255,2.467397862632552,2.467397862632552
138,12:09:02,hot,live,2.16e-06,2.1e-06,PZM,BTC,PZM,62.6,394.84330579,100.0,0.00021556886227544912,102.46739786263255,2.467397862632552,2.467397862632552
139,12:09:02,hot,live,2.16e-06,2.11e-06,PZM,BTC,PZM,62.6,1066.85774286,100.0,0.00021556886227544912,101.98177038461058,1.9817703846105843,1.9817703846105843
140,12:09:02,hot,live,2.16e-06,2.11e-06,PZM,BTC,PZM,62.6,1738.87217993,100.0,0.00021556886227544912,101.98177038461058,1.9817703846105843,1.9817703846105843
